{"columns":["Value","dayIndex"],"index":[0,1,2,3,4,5,6,7,8,9,10,11,12,13,14,15,16,17,18,19,20,21,22,23,24,25,26],"data":[[[32676406.6253942996,31956300.478569001,40865961.0120447055,45756845.3235522062,44791544.2041594014,44396813.6615849957,43797754.5940140039,37946234.9582747966],149.0],[[30623679.9072521999,29799960.7445949018,38869357.2674387991,44153966.0087919012,43775699.7309674993,44112812.4482979029,44337960.4189878032,39350545.644852303],336.0],[[33904688.5629036054,33186494.1300263964,42098009.0847089961,46990689.7382631004,46027126.132967107,45634073.5662158951,45036632.2644453049,39186669.5517824963],1255.0],[[35141712.2804738954,34420980.3222557977,43330013.0621156991,48220269.6520715952,47254342.9531329051,46858991.0576433018,46259316.9619245008,40407190.7333405986],1381.0],[[29886348.6898121983,29057201.1383780986,38121304.4001647979,43400761.2311540991,43017490.6187400073,43349752.8020682037,43570210.2604143023,38578271.2100013047],1414.0],[[40145650.2638187036,39427775.6427018046,48339269.0503586978,53231588.674070999,52267326.525179103,51873239.9614634961,51274431.3599259034,45422770.2839282975],1486.0],[[36661274.595479697,35288332.805872798,43538747.854437001,47767536.2292786017,46149782.5044783056,45133280.5534344018,43971061.2182370052,37647074.109583497],2239.0],[[35018275.5232628956,35149306.6098588035,44914376.8926339,50600367.2994908988,50317100.9949959964,50454332.5090071037,50218089.2153241038,44559315.7777037993],3284.0],[[36078182.6309769005,35370003.1051655933,44335616.0424638987,49306241.8137117028,48426213.7705949992,48106569.3920823038,47559298.0095833987,41725442.0912735984],3462.0],[[35701529.5942815021,34977453.1718112007,43912866.0325527042,48810758.2762695029,47787022.6469682008,47228533.516865395,46331701.867614001,40034145.1003542021],3799.0],[[40628579.5545860976,39995822.9822015986,49081057.024515301,54194279.8811225966,53457885.7790070027,53264198.2564506009,52813100.5388562009,47042502.4435413033],3986.0],[[36881070.1294919997,36159832.5161495954,45098049.7271066979,49998710.4400590062,48977706.0024609044,48421909.4155596048,47527730.3166417032,41232784.7899454907],4905.0],[[38175955.4999012947,37451690.8758659959,46386877.3507632017,51284506.5535788015,50260472.792250596,49701652.0369640961,48804456.9005012959,42506506.4474783987],5031.0],[[40018754.5160840973,39379144.4915103018,48457540.6761038974,53563946.850028798,52820762.8782602996,52620317.991690591,52162501.1606547087,46385227.9970930964],5064.0],[[43041937.3891559988,42328086.6938048974,51273333.3087408021,56180665.6885479018,55165975.0707275942,54616134.4597641006,53727553.6083986983,47437848.8277329952],5136.0],[[42519516.1197194979,41789641.0890879035,50689624.1870978996,55570921.9220594987,54596124.4503953904,54191987.1013137028,53583610.0509149954,47722860.4913775027],5889.0],[[42489936.2365088984,41760369.3529227003,50704774.6816295981,55654378.0914942026,54753518.3971455023,54413238.5042232051,53845533.1330119073,47991450.1009467095],6934.0],[[31944316.6721117981,31108409.9995272011,40165745.5035492033,45438424.879242897,45048366.0507974997,45373828.1921565011,45587472.7161332965,40588706.7718055993],7112.0],[[35463285.5601582006,35608685.6823617965,45387834.9103185013,51087610.2547977045,50817831.0371309891,50968248.0208875015,50744884.8911163062,45098682.7017512992],7449.0],[[41847996.8048966974,40495859.7509055063,48766997.2997805029,53016424.9079196006,51419226.1106289104,50423193.7346690968,49281357.5675993934,42977666.1571604982],7636.0],[[36581188.2575168982,36729786.9381863996,46512132.5985114053,52215100.5167741999,51948508.2871670946,52102104.9543900043,51881912.4926184043,46238870.2540485039],8555.0],[[37931439.354067497,38077676.4998735934,47857602.3027648032,53558094.4763075933,53288973.0903026983,53439989.7022610977,53217168.8362442926,47571452.4299097061],8681.0],[[41370524.5769016072,40012286.1601673961,48277241.7273740992,52520410.7255457044,50916880.7763047963,49914448.8889335021,48766149.1267505959,42455934.4052115008],8714.0],[[42520609.5702923983,42683519.5654175952,52479847.989278391,58196467.551741004,57943193.3971914053,58109772.2375037,57902223.8324934021,52271485.4382554889],8786.0],[[45759704.1329642981,45023980.7672097012,53947839.5482947007,58834271.0084994063,57799168.2684426084,57229406.0219121054,56321395.5170940012,50012754.3672152981],9539.0],[[38812852.5280079991,37953158.5189568996,46986771.4741256982,52235798.9651076049,51822164.7882926911,52124133.9842225984,52314373.8252012059,47292297.310829103],10584.0],[[42211681.6038038954,41565270.6949302033,50636877.2786196023,55736504.2291643918,54986550.4929932952,54779344.3708776012,54314773.8917289004,48530753.7150551975],10762.0]]}