{"columns":["Value","dayIndex"],"index":[0,1,2,3,4,5,6,7,8,9,10,11,12,13,14,15,16,17,18,19,20,21,22,23,24,25,26],"data":[[[1.1597011765,1.0626608824,1.8755011765,2.3214714706,2.5480358824,1.8610729412,0.7797114706,0.40539],149.0],[[1.0997973529,2.2276729412,2.92179,3.0,3.0,2.9698517647,2.9781547059,2.9864011765],336.0],[[0.5924117647,1.1047782353,1.5825317647,2.0597055882,1.2375247059,0.7828297059,0.7332317647,0.9210379412],1255.0],[[0.4780641176,0.4059626471,0.3635611765,1.0334567647,0.9444158824,0.3768405882,0.1580876471,0.013395],1381.0],[[1.798305,0.9397182353,0.7458547059,1.3210888235,1.5090123529,0.7897852941,0.500475,0.3132485294],1414.0],[[0.3522344118,0.3523173529,0.3541032353,0.3486829412,0.2202008824,0.1782141176,0.0634023529,0.000345],1486.0],[[1.0712858824,1.45203,2.1648997059,2.90316,2.9712794118,2.9362032353,1.8632214706,0.8362173529],2239.0],[[1.5577023529,1.4015205882,1.1535952941,0.8898661765,0.1654226471,0.0006326471,0.1040258824,0.3631623529],3284.0],[[0.1332088235,0.2219064706,0.3190138235,0.3057661765,0.3332276471,0.1631744118,0.0005241176,0.0],3462.0],[[1.1597011765,1.0626608824,1.8755011765,2.3214714706,2.5480358824,1.8610729412,0.7797114706,0.40539],3799.0],[[1.0997973529,2.2276729412,2.92179,3.0,3.0,2.9698517647,2.9781547059,2.9864011765],3986.0],[[0.5924117647,1.1047782353,1.5825317647,2.0597055882,1.2375247059,0.7828297059,0.7332317647,0.9210379412],4905.0],[[0.4780641176,0.4059626471,0.3635611765,1.0334567647,0.9444158824,0.3768405882,0.1580876471,0.013395],5031.0],[[1.798305,0.9397182353,0.7458547059,1.3210888235,1.5090123529,0.7897852941,0.500475,0.3132485294],5064.0],[[0.3522344118,0.3523173529,0.3541032353,0.3486829412,0.2202008824,0.1782141176,0.0634023529,0.000345],5136.0],[[1.0712858824,1.45203,2.1648997059,2.90316,2.9712794118,2.9362032353,1.8632214706,0.8362173529],5889.0],[[1.5577023529,1.4015205882,1.1535952941,0.8898661765,0.1654226471,0.0006326471,0.1040258824,0.3631623529],6934.0],[[0.1332088235,0.2219064706,0.3190138235,0.3057661765,0.3332276471,0.1631744118,0.0005241176,0.0],7112.0],[[1.1597011765,1.0626608824,1.8755011765,2.3214714706,2.5480358824,1.8610729412,0.7797114706,0.40539],7449.0],[[1.0997973529,2.2276729412,2.92179,3.0,3.0,2.9698517647,2.9781547059,2.9864011765],7636.0],[[0.5924117647,1.1047782353,1.5825317647,2.0597055882,1.2375247059,0.7828297059,0.7332317647,0.9210379412],8555.0],[[0.4780641176,0.4059626471,0.3635611765,1.0334567647,0.9444158824,0.3768405882,0.1580876471,0.013395],8681.0],[[1.798305,0.9397182353,0.7458547059,1.3210888235,1.5090123529,0.7897852941,0.500475,0.3132485294],8714.0],[[0.3522344118,0.3523173529,0.3541032353,0.3486829412,0.2202008824,0.1782141176,0.0634023529,0.000345],8786.0],[[1.0712858824,1.45203,2.1648997059,2.90316,2.9712794118,2.9362032353,1.8632214706,0.8362173529],9539.0],[[1.5577023529,1.4015205882,1.1535952941,0.8898661765,0.1654226471,0.0006326471,0.1040258824,0.3631623529],10584.0],[[0.1332088235,0.2219064706,0.3190138235,0.3057661765,0.3332276471,0.1631744118,0.0005241176,0.0],10762.0]]}