{"columns":["Value","dayIndex"],"index":[0,1,2,3,4,5,6,7,8,9,10,11,12,13,14,15,16,17,18,19,20,21,22,23,24,25,26],"data":[[[0.0,0.0830197182,1.0239718311,1.5267887325,1.3002084507,0.8163549297,0.0226478874,0.0],149.0],[[0.0,0.0,0.0,0.3771295776,0.0483126762,0.0,0.0,0.0],336.0],[[0.0,0.0436563381,0.8564957745,1.1156704224,1.1364253521,0.3397267605,0.0145014084,0.0],1255.0],[[0.0,0.0,0.2537577465,1.9709746479,1.5915971832,0.1586957745,0.0,0.0],1381.0],[[0.0,0.0,0.0,0.0884281689,0.4327605633,0.0,0.0,0.0],1414.0],[[0.0,0.0,0.0,0.211369014,0.1943323944,0.0,0.0,0.0],1486.0],[[0.0,0.0,0.0,1.0792816902,1.0042140846,0.1426732395,0.0,0.0],2239.0],[[0.0,0.0,0.0,0.6818281689,0.747684507,0.0,0.0,0.0],3284.0],[[0.0,0.0211267605,0.6106901409,1.7124422535,2.017115493,1.0376704224,0.0786676056,0.0],3462.0],[[0.0,0.0830197182,1.0239718311,1.5267887325,1.3002084507,0.8163549297,0.0226478874,0.0],3799.0],[[0.0,0.0,0.0,0.3771295776,0.0483126762,0.0,0.0,0.0],3986.0],[[0.0,0.0436563381,0.8564957745,1.1156704224,1.1364253521,0.3397267605,0.0145014084,0.0],4905.0],[[0.0,0.0,0.2537577465,1.9709746479,1.5915971832,0.1586957745,0.0,0.0],5031.0],[[0.0,0.0,0.0,0.0884281689,0.4327605633,0.0,0.0,0.0],5064.0],[[0.0,0.0,0.0,0.211369014,0.1943323944,0.0,0.0,0.0],5136.0],[[0.0,0.0,0.0,1.0792816902,1.0042140846,0.1426732395,0.0,0.0],5889.0],[[0.0,0.0,0.0,0.6818281689,0.747684507,0.0,0.0,0.0],6934.0],[[0.0,0.0211267605,0.6106901409,1.7124422535,2.017115493,1.0376704224,0.0786676056,0.0],7112.0],[[0.0,0.0830197182,1.0239718311,1.5267887325,1.3002084507,0.8163549297,0.0226478874,0.0],7449.0],[[0.0,0.0,0.0,0.3771295776,0.0483126762,0.0,0.0,0.0],7636.0],[[0.0,0.0436563381,0.8564957745,1.1156704224,1.1364253521,0.3397267605,0.0145014084,0.0],8555.0],[[0.0,0.0,0.2537577465,1.9709746479,1.5915971832,0.1586957745,0.0,0.0],8681.0],[[0.0,0.0,0.0,0.0884281689,0.4327605633,0.0,0.0,0.0],8714.0],[[0.0,0.0,0.0,0.211369014,0.1943323944,0.0,0.0,0.0],8786.0],[[0.0,0.0,0.0,1.0792816902,1.0042140846,0.1426732395,0.0,0.0],9539.0],[[0.0,0.0,0.0,0.6818281689,0.747684507,0.0,0.0,0.0],10584.0],[[0.0,0.0211267605,0.6106901409,1.7124422535,2.017115493,1.0376704224,0.0786676056,0.0],10762.0]]}