{"columns":["Value","dayIndex"],"index":[0,1,2,3,4,5,6,7,8,9,10,11,12,13,14,15,16,17,18,19,20,21,22,23,24,25,26],"data":[[[3.0,3.0,3.0,3.0,2.9925942857,2.9215352381,2.9537828571,2.9849828571],149.0],[[3.0,3.0,3.0,3.0,3.0,3.0,3.0,3.0],336.0],[[2.806152381,2.7666152381,2.8072209524,2.9620114286,2.8317980952,2.06392,2.4551266667,2.9219895238],1255.0],[[1.7762666667,1.9725333333,2.2871733333,1.7285719048,1.5661542857,1.4079690476,1.2212152381,1.2021666667],1381.0],[[3.0,2.3926152381,2.9746285714,3.0,2.8948838095,2.6218238095,2.5080209524,1.92408],1414.0],[[2.3227466667,2.1313866667,2.3368533333,1.81184,1.0479,1.2132795238,0.9398285714,0.4160652381],1486.0],[[2.9679771429,2.99088,3.0,3.0,3.0,3.0,2.9646857143,3.0],2239.0],[[3.0,2.9786742857,2.964,2.9182038095,2.5571752381,1.5799095238,1.7248685714,2.5251180952],3284.0],[[2.1136,1.7590933333,0.9978904762,0.4940895238,0.368652381,0.1237619048,0.0703509524,0.3164295238],3462.0],[[3.0,3.0,3.0,3.0,2.9925942857,2.9215352381,2.9537828571,2.9849828571],3799.0],[[3.0,3.0,3.0,3.0,3.0,3.0,3.0,3.0],3986.0],[[2.806152381,2.7666152381,2.8072209524,2.9620114286,2.8317980952,2.06392,2.4551266667,2.9219895238],4905.0],[[1.7762666667,1.9725333333,2.2871733333,1.7285719048,1.5661542857,1.4079690476,1.2212152381,1.2021666667],5031.0],[[3.0,2.3926152381,2.9746285714,3.0,2.8948838095,2.6218238095,2.5080209524,1.92408],5064.0],[[2.3227466667,2.1313866667,2.3368533333,1.81184,1.0479,1.2132795238,0.9398285714,0.4160652381],5136.0],[[2.9679771429,2.99088,3.0,3.0,3.0,3.0,2.9646857143,3.0],5889.0],[[3.0,2.9786742857,2.964,2.9182038095,2.5571752381,1.5799095238,1.7248685714,2.5251180952],6934.0],[[2.1136,1.7590933333,0.9978904762,0.4940895238,0.368652381,0.1237619048,0.0703509524,0.3164295238],7112.0],[[3.0,3.0,3.0,3.0,2.9925942857,2.9215352381,2.9537828571,2.9849828571],7449.0],[[3.0,3.0,3.0,3.0,3.0,3.0,3.0,3.0],7636.0],[[2.806152381,2.7666152381,2.8072209524,2.9620114286,2.8317980952,2.06392,2.4551266667,2.9219895238],8555.0],[[1.7762666667,1.9725333333,2.2871733333,1.7285719048,1.5661542857,1.4079690476,1.2212152381,1.2021666667],8681.0],[[3.0,2.3926152381,2.9746285714,3.0,2.8948838095,2.6218238095,2.5080209524,1.92408],8714.0],[[2.3227466667,2.1313866667,2.3368533333,1.81184,1.0479,1.2132795238,0.9398285714,0.4160652381],8786.0],[[2.9679771429,2.99088,3.0,3.0,3.0,3.0,2.9646857143,3.0],9539.0],[[3.0,2.9786742857,2.964,2.9182038095,2.5571752381,1.5799095238,1.7248685714,2.5251180952],10584.0],[[2.1136,1.7590933333,0.9978904762,0.4940895238,0.368652381,0.1237619048,0.0703509524,0.3164295238],10762.0]]}